cat,mean,median,quant_25,quant_75
high,-0.570189329462446,0,-0.59,0.427
mod,-0.0193481844296043,0.127,-0.46,1.99
low,-1.58528831389991,0,-5.5675,1.27
modify,-1.47234149298607,-0.313,-5.05,1.45
